-1.171049021948368463e+00, -1.117606271856868894e+00, -1.067426020159079059e+00, -1.084253078411136162e+00, -1.176689468016705042e+00, -1.165082344074865883e+00, -1.139277844756165337e+00, -1.135377630092365031e+00, -1.112827416162567751e+00, -1.144250441671611718e+00, -1.147822299424314796e+00, -1.166526114593535279e+00, -1.134704098141254391e+00, -1.153148988327861169e+00, -1.124723538625841623e+00, -1.154733727984199820e+00, -1.148649364118477845e+00, -1.131507195260684107e+00, -1.115627272825025607e+00, -1.139859181103572539e+00, -1.117269187005150766e+00, -1.131327086219142242e+00, -1.130456134157773018e+00, -1.147611568651074165e+00, -1.139823075746828174e+00, -1.118785256197896150e+00, -1.145732331206271049e+00, -1.135032749983096778e+00, -1.142895617731833457e+00
-1.188949055568876201e+00, -1.090498870656084751e+00, -1.111553810393358876e+00, -1.162227680523125972e+00, -1.156934875667980478e+00, -1.092666630079921486e+00, -1.153148988327861169e+00, -1.136601066990006181e+00, -1.151460580128009781e+00, -1.150869637258061573e+00, -1.095843056444664843e+00, -1.127876390955482755e+00, -1.137457949467486351e+00, -1.141678588253252080e+00, -1.153870114878609243e+00, -1.148706148768987134e+00, -1.126598111003738634e+00, -1.147783249246648651e+00, -1.135845354696893850e+00, -1.100801013274645079e+00, -1.144802961027711508e+00, -1.156450330944321259e+00, -1.137370981828398353e+00, -1.130409048340772937e+00, -1.132554887905751428e+00, -1.141192488121404391e+00, -1.136188493945293310e+00, -1.128888195985194631e+00, -1.138592668290332899e+00
-1.188949055568876201e+00, -1.171049021948368463e+00, -1.123315598960348716e+00, -1.029458283665253493e+00, -1.117657742010873090e+00, -1.130999309620713600e+00, -1.115251639335614886e+00, -1.141076075395133227e+00, -1.146395295414437854e+00, -1.126350408051104424e+00, -1.128927015769003450e+00, -1.117842539518823841e+00, -1.123688692836326997e+00, -1.113973065505578397e+00, -1.116584793693730759e+00, -1.137277123131332335e+00, -1.124969432838936356e+00, -1.135513575039688305e+00, -1.146581328653992315e+00, -1.153664098163919682e+00, -1.126154814295837081e+00, -1.142847644992896150e+00, -1.141659769203268393e+00, -1.140260450796705349e+00, -1.124395547698356701e+00, -1.123916516728008741e+00, -1.125218566793098951e+00, -1.145399362588513270e+00, -1.119231651874644573e+00
-1.224749122809890789e+00, -1.206849089189383495e+00, -1.165082344074865883e+00, -1.151249529103028024e+00, -1.133832327635496462e+00, -1.144198971517607077e+00, -1.116983727332267584e+00, -1.138116643987077126e+00, -1.116862390471574873e+00, -1.145280661343729189e+00, -1.131303690694594799e+00, -1.139992218225971410e+00, -1.155683886127918836e+00, -1.120209530492774164e+00, -1.129496880924643509e+00, -1.139377773691283569e+00, -1.119159258618723118e+00, -1.132923743622897383e+00, -1.132476812718857140e+00, -1.135815534697417029e+00, -1.134911662547387401e+00, -1.143555050121308536e+00, -1.158266483912392175e+00, -1.127720840043992201e+00, -1.144989648120465997e+00, -1.153584819089448210e+00, -1.134762404054076246e+00, -1.130033421140161920e+00, -1.133858965228040638e+00
-1.153148988327861169e+00, -1.069057269355933926e+00, -1.109021198093581351e+00, -1.122081280261995495e+00, -1.153148988327861169e+00, -1.120418043613604642e+00, -1.148108221799151174e+00, -1.135377630092365031e+00, -1.142360321105431176e+00, -1.144198971517607077e+00, -1.137812793829324765e+00, -1.102968736630071334e+00, -1.118339359888492535e+00, -1.112032149272607739e+00, -1.120018823199045777e+00, -1.124294793875907139e+00, -1.124454250950639889e+00, -1.123916567809647216e+00, -1.121340952609162223e+00, -1.133130529654340801e+00, -1.140387759624643671e+00, -1.122915537651675510e+00, -1.136990195215309640e+00, -1.159566370295581184e+00, -1.120511627498281815e+00, -1.114798064665309063e+00, -1.122485631543555407e+00, -1.142179872525506124e+00, -1.131767503707378886e+00
-1.099963589006383913e+00, -1.060107252545680279e+00, -1.117348921086846136e+00, -1.108527579661603646e+00, -1.124508934535048965e+00, -1.119906200643255634e+00, -1.149506435396455473e+00, -1.110024723844469818e+00, -1.114687391542434458e+00, -1.138931901739463903e+00, -1.122523390379883690e+00, -1.123358490755352435e+00, -1.121103276762541068e+00, -1.134200313831737805e+00, -1.121864658452488062e+00, -1.133244810686161230e+00, -1.156913829362137491e+00, -1.129911810156143392e+00, -1.152233970849942057e+00, -1.134917528723569990e+00, -1.142510393470368868e+00, -1.126123298169945386e+00, -1.152980985110582779e+00, -1.124329688808026972e+00, -1.158289760196078877e+00, -1.134327656018903507e+00, -1.119352050394479381e+00, -1.140110280907523865e+00, -1.133699821695549836e+00
-1.046263488144861586e+00, -1.153148988327861169e+00, -1.120782986660571190e+00, -1.119924470267140038e+00, -1.098032260394481430e+00, -1.118274951446400767e+00, -1.158410341230875940e+00, -1.164264660916118688e+00, -1.134461939667432695e+00, -1.086416431012072970e+00, -1.149894436760495964e+00, -1.120686298727095576e+00, -1.168295170622136503e+00, -1.130208188178643436e+00, -1.150358735026513646e+00, -1.122089458519596850e+00, -1.155891162769169256e+00, -1.154715778902398959e+00, -1.133961140631577269e+00, -1.113247288971912496e+00, -1.136568225194011461e+00, -1.149127589917749770e+00, -1.143171537210264876e+00, -1.130274920784027692e+00, -1.138674398471559268e+00, -1.146425451496340786e+00, -1.148727624840460315e+00, -1.150743571540716381e+00, -1.127517799252780062e+00
-1.153148988327861169e+00, -1.140400053067941677e+00, -1.135248954707353430e+00, -1.148673979922734123e+00, -1.122989367155182716e+00, -1.104198503532191733e+00, -1.178793993720021138e+00, -1.124125771387042061e+00, -1.101852642635498647e+00, -1.154990461843916183e+00, -1.151615294642368781e+00, -1.151700210654489354e+00, -1.158656690980325088e+00, -1.140593182981918918e+00, -1.148624563555854738e+00, -1.127007162884678948e+00, -1.122386338387148186e+00, -1.149743547341147032e+00, -1.120514090749230363e+00, -1.111296332541767296e+00, -1.152321115371648386e+00, -1.132134776287273770e+00, -1.141329428468514706e+00, -1.147633014548576025e+00, -1.133358475581843550e+00, -1.141004277464578109e+00, -1.142193297858799195e+00, -1.132940122199560751e+00, -1.139454156875843172e+00
-1.135248954707353430e+00, -1.144198971517607077e+00, -1.117348921086846136e+00, -1.145330666286916710e+00, -1.138828961431455067e+00, -1.168065683011617395e+00, -1.160893960099513400e+00, -1.147724250310317551e+00, -1.131328358518356669e+00, -1.142563378617570180e+00, -1.143432124674860884e+00, -1.144284755107614959e+00, -1.129235987914948058e+00, -1.149579964187890546e+00, -1.097414074151742192e+00, -1.127039331730931959e+00, -1.156368370912661980e+00, -1.135821298969641013e+00, -1.143409300512899573e+00, -1.127921472636283173e+00, -1.122383482325295834e+00, -1.126661766412732302e+00, -1.136777435342375409e+00, -1.140914583773451785e+00, -1.148719005360645085e+00, -1.115531152696932704e+00, -1.126868868990952954e+00, -1.133114908560405087e+00, -1.136105949806813342e+00
-1.063648820225323810e+00, -1.099706238236361155e+00, -1.079187808726068898e+00, -1.067742090329960813e+00, -1.128088941259150602e+00, -1.132351399360609800e+00, -1.134163549436020269e+00, -1.123240379467131067e+00, -1.162249247350439330e+00, -1.118585021374981725e+00, -1.151568503593273451e+00, -1.122177968195471109e+00, -1.146472387690884442e+00, -1.151327711862158321e+00, -1.149603295039762774e+00, -1.140874884060015138e+00, -1.143225568358219757e+00, -1.133467493355182487e+00, -1.134015319741055627e+00, -1.142595656300653406e+00, -1.140979748631621771e+00, -1.110043652353210231e+00, -1.132914167713374276e+00, -1.131450013714931480e+00, -1.133472548475262798e+00, -1.128715960335836321e+00, -1.151579784584888522e+00, -1.122053862446393602e+00, -1.136967438392323171e+00
-1.135248954707353430e+00, -1.126556288667122541e+00, -1.120782986660571190e+00, -1.124528154057278240e+00, -1.105089333534675422e+00, -1.119151737463716323e+00, -1.166008255419658468e+00, -1.127586712487246512e+00, -1.151217284763365267e+00, -1.153200458481865365e+00, -1.149203724315102093e+00, -1.148716871717737842e+00, -1.140211800793718311e+00, -1.159615386269477355e+00, -1.134811059119404053e+00, -1.114395047453236920e+00, -1.127173846014393188e+00, -1.146338106354432895e+00, -1.155202626675382316e+00, -1.134894797939389299e+00, -1.144012850746513266e+00, -1.136232309094737492e+00, -1.137253400966579342e+00, -1.147182310454358589e+00, -1.141146904043595089e+00, -1.137641148159103111e+00, -1.154312739872437987e+00, -1.112174825205429762e+00, -1.137882171964734734e+00
-1.056050983325991677e+00, -1.108656255046614802e+00, -1.147182310454358589e+00, -1.133349495482520730e+00, -1.135351895015362711e+00, -1.111639593983366314e+00, -1.128184435218847703e+00, -1.101431184826151544e+00, -1.145364985009872605e+00, -1.138828961431455067e+00, -1.149449575207996954e+00, -1.120643406932091857e+00, -1.103490455672951676e+00, -1.150915182030448403e+00, -1.133652036980706601e+00, -1.144907196505186686e+00, -1.143286121480578288e+00, -1.139405576698682143e+00, -1.139213896674930560e+00, -1.132724902732372030e+00, -1.147697400847750071e+00, -1.134458712340059794e+00, -1.121005840256549480e+00, -1.153170434225363028e+00, -1.143706995946903060e+00, -1.139879983871432856e+00, -1.126525432189431353e+00, -1.143343479878331959e+00, -1.132122751870177968e+00
-1.056050983325991677e+00, -1.091851050567006709e+00, -1.132716342407576349e+00, -1.157623996732987770e+00, -1.155209427672096112e+00, -1.139949326430967247e+00, -1.148034693007716101e+00, -1.130838283994732407e+00, -1.149228392138864407e+00, -1.103453740634638081e+00, -1.128739851572623465e+00, -1.126512464880718767e+00, -1.139835379480065747e+00, -1.110100579619752281e+00, -1.126252972908361016e+00, -1.141043906548880216e+00, -1.146535780626558143e+00, -1.128917363843893185e+00, -1.131649950858924836e+00, -1.143490657981678815e+00, -1.128141621314817655e+00, -1.128195460098224689e+00, -1.116069702374947292e+00, -1.128783251315652159e+00, -1.137525721196289918e+00, -1.128255300587261978e+00, -1.156902561270225949e+00, -1.124123454064375860e+00, -1.145906324967031154e+00
-1.153663689867906239e+00, -1.188949055568876201e+00, -1.111553810393358876e+00, -1.153148988327861169e+00, -1.097929320086472149e+00, -1.120503827203612524e+00, -1.122923082315832488e+00, -1.153148988327861169e+00, -1.145193417829857729e+00, -1.146143385341671372e+00, -1.128142721225419809e+00, -1.134615801632409049e+00, -1.127038378042491740e+00, -1.124551190222832009e+00, -1.140709110120900593e+00, -1.111577993648105611e+00, -1.104516581327819935e+00, -1.142417510165436134e+00, -1.134530451066378287e+00, -1.122525727473128399e+00, -1.139173575314174958e+00, -1.146686676242226088e+00, -1.153619288252262010e+00, -1.138704443635824237e+00, -1.150109831927081938e+00, -1.143257876616078583e+00, -1.164519541341582087e+00, -1.134122111750245132e+00, -1.141736638112550217e+00
-1.260549190050905821e+00, -1.162099005138114816e+00, -1.165082344074865883e+00, -1.124528154057278240e+00, -1.153148988327861169e+00, -1.174118144475127412e+00, -1.105170106278194897e+00, -1.123240379467131067e+00, -1.133317251142857529e+00, -1.179999038758622110e+00, -1.148513011869708667e+00, -1.142202824359298763e+00, -1.155357983087994089e+00, -1.096578970125020369e+00, -1.136442290282054124e+00, -1.106394760255399845e+00, -1.119166955802347818e+00, -1.153206177387866127e+00, -1.145212245913998395e+00, -1.140367748333550590e+00, -1.142221303770493801e+00, -1.136969812589226247e+00, -1.139772903805861937e+00, -1.130296366681529552e+00, -1.136505806375496253e+00, -1.139523337962160543e+00, -1.131147118626598225e+00, -1.134140493948104123e+00, -1.123907597807910719e+00
-1.187859566632353703e+00, -1.095649969016672554e+00, -1.123315598960348716e+00, -1.135248954707353430e+00, -1.112249346982878251e+00, -1.174032360885119974e+00, -1.143306734804977243e+00, -1.139723963112480476e+00, -1.152419162347945392e+00, -1.141649184465623357e+00, -1.139732711554997113e+00, -1.134068432147472549e+00, -1.166918244959020523e+00, -1.093552648620716106e+00, -1.125951187636545114e+00, -1.145993779760215325e+00, -1.144975352767738652e+00, -1.119151737463716323e+00, -1.122167814469094527e+00, -1.140805652938602588e+00, -1.133721987834063860e+00, -1.121733148012589609e+00, -1.150836579661709713e+00, -1.135404528161600979e+00, -1.145767413650091715e+00, -1.109498389691448761e+00, -1.139532685955583879e+00, -1.126855368762929910e+00, -1.110630265133768724e+00
-1.099963589006383913e+00, -1.082320906155898932e+00, -1.105415565339840978e+00, -1.137953179272658932e+00, -1.128294821875168719e+00, -1.141301416170863448e+00, -1.162292173696817699e+00, -1.133140125889801286e+00, -1.097030653286571233e+00, -1.160360471930068638e+00, -1.116014287245153724e+00, -1.131176773989494455e+00, -1.121093211214724494e+00, -1.141099121221868185e+00, -1.155604286349268151e+00, -1.136496382193646681e+00, -1.104577134450178466e+00, -1.147754654716646172e+00, -1.143809186665495581e+00, -1.129280113999362456e+00, -1.124032997184310378e+00, -1.151685481216011109e+00, -1.162936057900350928e+00, -1.134610349460674961e+00, -1.122180545394225959e+00, -1.139919576297590442e+00, -1.127932459060646320e+00, -1.139972278264759886e+00, -1.139081160384077140e+00
-1.153148988327861169e+00, -1.144198971517607077e+00, -1.153148988327861169e+00, -1.153148988327861169e+00, -1.117348921086846136e+00, -1.148899343241221338e+00, -1.153222517119296242e+00, -1.130902621687237986e+00, -1.133317251142857529e+00, -1.123040837309187356e+00, -1.122616972478073460e+00, -1.159974182594794900e+00, -1.133445949756610727e+00, -1.159541857478042282e+00, -1.149024139984039072e+00, -1.152062405072832085e+00, -1.139172875731150114e+00, -1.137352225451864207e+00, -1.104979426010853416e+00, -1.134566376248427044e+00, -1.132041732324494010e+00, -1.135840161822945227e+00, -1.128737271977644951e+00, -1.123535510107101398e+00, -1.135006805416185482e+00, -1.133074540408167685e+00, -1.149309490593745764e+00, -1.151888796695683670e+00, -1.138574919961365950e+00
-1.153148988327861169e+00, -1.068799918585911612e+00, -1.117692055446876331e+00, -1.148673979922734123e+00, -1.140889400775690454e+00, -1.127504127713613524e+00, -1.112308154558136142e+00, -1.097951810911741877e+00, -1.127651057694004866e+00, -1.129981884929210256e+00, -1.146733467291320974e+00, -1.123540962278835487e+00, -1.123104243844070815e+00, -1.152606285692194366e+00, -1.134776745683401256e+00, -1.151555371420371010e+00, -1.155254874636156170e+00, -1.139263556905234953e+00, -1.154660405795320255e+00, -1.121167086110048672e+00, -1.145502054944788295e+00, -1.147154957911370232e+00, -1.127959009646318567e+00, -1.142476509101767235e+00, -1.144031497484478077e+00, -1.139879983871432856e+00, -1.135868966538648106e+00, -1.127802771391499093e+00, -1.131785252036345835e+00
-1.153148988327861169e+00, -1.144198971517607077e+00, -1.061287775105561604e+00, -1.121823929491972738e+00, -1.135351895015362711e+00, -1.070323575505822689e+00, -1.116337044606948048e+00, -1.109686678866739218e+00, -1.153148988327861169e+00, -1.163889008500165634e+00, -1.129723205960007082e+00, -1.136193254690792465e+00, -1.121806503033269120e+00, -1.146480113892151653e+00, -1.121323822556529848e+00, -1.144231140363860089e+00, -1.130840160181507681e+00, -1.152540158645658952e+00, -1.128362677545105885e+00, -1.134025531335366210e+00, -1.121016009378546840e+00, -1.131520198239232222e+00, -1.127959009646318567e+00, -1.144762357271068343e+00, -1.130015384064045225e+00, -1.137205317397515625e+00, -1.145331705344744044e+00, -1.120324496969984818e+00, -1.139232171300063268e+00
-1.188949055568876201e+00, -1.086699952206418907e+00, -1.141387199760871329e+00, -1.113002588066730691e+00, -1.142408968155556703e+00, -1.156132327264612236e+00, -1.160820431308078327e+00, -1.102362481624362900e+00, -1.134461939667432695e+00, -1.130960634447323532e+00, -1.159704882511686019e+00, -1.129550531947341785e+00, -1.129235987914948058e+00, -1.138615502353230724e+00, -1.165116657510869125e+00, -1.137043762949961678e+00, -1.108251145800917215e+00, -1.121441084455857773e+00, -1.114400496337436319e+00, -1.131475744283382046e+00, -1.146066164532470122e+00, -1.120966301169843415e+00, -1.137085397749300952e+00, -1.148400295180265651e+00, -1.132966975774598595e+00, -1.141841358526805017e+00, -1.147983562177411709e+00, -1.132668770881727127e+00, -1.103614099490843437e+00
-1.082063555385876619e+00, -1.090756221426107508e+00, -1.091121164473074057e+00, -1.086152537635969306e+00, -1.105089333534675422e+00, -1.142932665367718759e+00, -1.130208188178643436e+00, -1.138838571192569482e+00, -1.135549439132002902e+00, -1.147778978241708714e+00, -1.144321896964054730e+00, -1.114762512648597159e+00, -1.136784250075098868e+00, -1.143693033277658255e+00, -1.133617723544703804e+00, -1.143313579597696528e+00, -1.109364642077423024e+00, -1.138646504804155413e+00, -1.131250064706328828e+00, -1.130960634447323532e+00, -1.112927514393518003e+00, -1.129992452377449830e+00, -1.146614927270324102e+00, -1.129550531947341785e+00, -1.143227909808385956e+00, -1.147765095727777407e+00, -1.132453984022930182e+00, -1.127225831726728744e+00, -1.135168955763310006e+00
-1.082063555385876619e+00, -1.104599985826926201e+00, -1.135248954707353430e+00, -1.135634980862387344e+00, -1.124714815151067082e+00, -1.163901821514985002e+00, -1.152063583056528007e+00, -1.141961467315043777e+00, -1.145250606889862688e+00, -1.149620451757764172e+00, -1.156497121993416144e+00, -1.166616905338245580e+00, -1.129949279733493128e+00, -1.124514425827114472e+00, -1.154376637338564660e+00, -1.123787760223446064e+00, -1.144914799645380565e+00, -1.138833232436395004e+00, -1.127935701837770477e+00, -1.107825808731755846e+00, -1.128138760083559067e+00, -1.141114136445784855e+00, -1.126514376622805624e+00, -1.154640657796236702e+00, -1.131122885216111040e+00, -1.152480321709381528e+00, -1.135425368262243495e+00, -1.143711415475516802e+00, -1.135395453481215178e+00
-1.081548853845831104e+00, -1.113550002637180292e+00, -1.079187808726068898e+00, -1.117477596471857293e+00, -1.115829353706979887e+00, -1.126749664534073769e+00, -1.155779664779368776e+00, -1.114407990121264902e+00, -1.153206177387866127e+00, -1.172079241620485934e+00, -1.135635178747533391e+00, -1.119108845668712604e+00, -1.136041431378213229e+00, -1.156442007182302945e+00, -1.141430236671648668e+00, -1.123208210620878500e+00, -1.152702056745547488e+00, -1.137867380654146832e+00, -1.150004049741507384e+00, -1.134946268093393940e+00, -1.152836205765039868e+00, -1.126468654392642321e+00, -1.129302774436037105e+00, -1.129233955409869594e+00, -1.123962871767908211e+00, -1.135412357185891175e+00, -1.139021590669719863e+00, -1.152081965254386553e+00, -1.114577966412469756e+00
-1.171049021948368463e+00, -1.153148988327861169e+00, -1.164719181096025125e+00, -1.129003162462404841e+00, -1.142511908463565540e+00, -1.159201449791371186e+00, -1.150591840667788635e+00, -1.121131550649578923e+00, -1.163093451450365023e+00, -1.130149380603385545e+00, -1.141478870767347775e+00, -1.154232868039779536e+00, -1.146264360012281269e+00, -1.146792883573397148e+00, -1.136973657110118108e+00, -1.128705464588528606e+00, -1.160455502822392182e+00, -1.118729635413753254e+00, -1.150891977664687094e+00, -1.134566376248427044e+00, -1.124940629985368368e+00, -1.131005125520992749e+00, -1.124274792162817782e+00, -1.133188469856539093e+00, -1.134007478656994028e+00, -1.157383779156510695e+00, -1.151660883039769878e+00, -1.144447286669886488e+00, -1.115643692244792984e+00
-1.153148988327861169e+00, -1.144198971517607077e+00, -1.103054520220078771e+00, -1.184474047163749155e+00, -1.149671921911768813e+00, -1.181716071545484859e+00, -1.132765335838715970e+00, -1.135248954707353430e+00, -1.106560253864416143e+00, -1.139305278029657753e+00, -1.120743845801495997e+00, -1.147407673772845360e+00, -1.142729416902866113e+00, -1.117615618436984093e+00, -1.118722547316336247e+00, -1.123650906580833997e+00, -1.115205092858815306e+00, -1.126628016851751735e+00, -1.117972410631125513e+00, -1.159439735172040908e+00, -1.127264729164314971e+00, -1.135740631901045461e+00, -1.133121261886505859e+00, -1.142841429605977233e+00, -1.141842317326813738e+00, -1.134392077432047952e+00, -1.146405603363891856e+00, -1.147179201368440982e+00, -1.138723858951268264e+00
-1.188949055568876201e+00, -1.223068574119737129e+00, -1.171049021948368463e+00, -1.174683756008418456e+00, -1.133614429848191829e+00, -1.174032360885119974e+00, -1.164922850148325306e+00, -1.143313579597696528e+00, -1.096274562095012506e+00, -1.146310881015847105e+00, -1.117735145127026097e+00, -1.146592049174417927e+00, -1.104074904665207857e+00, -1.150122666823556905e+00, -1.156222472592006945e+00, -1.152496223781636520e+00, -1.162208821694053817e+00, -1.127615193601689825e+00, -1.109174829848822430e+00, -1.134894797939389299e+00, -1.145140253187677537e+00, -1.143900406344005471e+00, -1.152062763589609240e+00, -1.151088503477046832e+00, -1.127651052884883320e+00, -1.144798204757732307e+00, -1.144406402789936994e+00, -1.144332320192676278e+00, -1.146616821292629762e+00
-1.171049021948368463e+00, -1.135248954707353430e+00, -1.071295991637920331e+00, -1.130773946302226829e+00, -1.156728995051962361e+00, -1.080454114875957661e+00, -1.163377578968150861e+00, -1.134299225094936858e+00, -1.102940142100068854e+00, -1.152440674791932462e+00, -1.138915031645376441e+00, -1.125794460207167003e+00, -1.104490918405018007e+00, -1.155576350790778584e+00, -1.157956644062666296e+00, -1.117582281268217237e+00, -1.125575444410769954e+00, -1.134426075575118098e+00, -1.134476271956899929e+00, -1.119080938740119269e+00, -1.129460075067276748e+00, -1.114410406986018565e+00, -1.145411121670253163e+00, -1.135925022120058081e+00, -1.141126315981993322e+00, -1.129924450746506270e+00, -1.128738537120568708e+00, -1.145960447422038619e+00, -1.133175832943871697e+00
-1.056050983325991677e+00, -1.073113538575622528e+00, -1.147182310454358589e+00, -1.153148988327861169e+00, -1.145988974879657896e+00, -1.136965987494216179e+00, -1.134237078227455342e+00, -1.125349208284683211e+00, -1.131628842943006141e+00, -1.133458951345302612e+00, -1.132930966478277401e+00, -1.135291846502357149e+00, -1.124441577081029209e+00, -1.148034693007716101e+00, -1.132999537301964565e+00, -1.102289965674256411e+00, -1.135098580808409530e+00, -1.145851545682152750e+00, -1.140128914152849671e+00, -1.132209792896313072e+00, -1.113031783835508381e+00, -1.118355670998777196e+00, -1.126917541563722480e+00, -1.132147504482380995e+00, -1.131967649015406696e+00, -1.135476778599035619e+00, -1.145694205166267743e+00, -1.136467727976118613e+00, -1.142411619124140021e+00
-1.171049021948368463e+00, -1.126298937897099783e+00, -1.105415565339840978e+00, -1.146903196082912579e+00, -1.133729387327487181e+00, -1.140035110020975129e+00, -1.140363250027498498e+00, -1.128600779792168662e+00, -1.125361680644854534e+00, -1.125539154207166437e+00, -1.115967496196058395e+00, -1.113142167795210025e+00, -1.121362240137581789e+00, -1.128313382921505514e+00, -1.134742432247398014e+00, -1.137687650245034821e+00, -1.120151648650512310e+00, -1.126534963699432179e+00, -1.135018492836961990e+00, -1.117587079385947479e+00, -1.129275513213926274e+00, -1.116137212691600933e+00, -1.124963541182832039e+00, -1.155499174189667855e+00, -1.147570328085376179e+00, -1.137769970176693235e+00, -1.141454081570625334e+00, -1.159656823955252491e+00, -1.151070762994041541e+00
-1.135248954707353430e+00, -1.108398904276592489e+00, -1.094991135951915329e+00, -1.157623996732987770e+00, -1.137515274667606935e+00, -1.122889539580007146e+00, -1.150591840667788635e+00, -1.135377630092365031e+00, -1.124460287484923438e+00, -1.106982277204735077e+00, -1.134605033311054889e+00, -1.115224098543526221e+00, -1.147136021535455797e+00, -1.132509210169991842e+00, -1.132424387970003110e+00, -1.118322675102048969e+00, -1.156368370912661980e+00, -1.139434171228685067e+00, -1.137844813934936639e+00, -1.125777312506267780e+00, -1.127497777645440902e+00, -1.144561267082196299e+00, -1.131637561430016259e+00, -1.145395510346012724e+00, -1.120491039436680492e+00, -1.168711205170644973e+00, -1.132835546864455090e+00, -1.125310116905118285e+00, -1.119329417803729410e+00
-1.188949055568876201e+00, -1.153148988327861169e+00, -1.179329399602160322e+00, -1.117477596471857293e+00, -1.123195247771200833e+00, -1.141301416170863448e+00, -1.121451339927093116e+00, -1.148738317615239701e+00, -1.085097297539566519e+00, -1.152389204637927822e+00, -1.136232309094737492e+00, -1.157033735453047552e+00, -1.131989839241180018e+00, -1.125829764052868054e+00, -1.135429245362143291e+00, -1.139281267152524979e+00, -1.152126321734892489e+00, -1.139827678748645212e+00, -1.133019033598919201e+00, -1.146149927947752722e+00, -1.133719126602805272e+00, -1.136554269792886540e+00, -1.137320535950063327e+00, -1.127967626717224725e+00, -1.135439481346634416e+00, -1.105744054824452149e+00, -1.142737037572081338e+00, -1.130769292334531606e+00, -1.121718370358164130e+00
-1.038665651245529897e+00, -1.171049021948368463e+00, -1.111382243213343557e+00, -1.113002588066730691e+00, -1.149671921911768813e+00, -1.134068432147472549e+00, -1.152063583056528007e+00, -1.115240092269293992e+00, -1.154293676852436334e+00, -1.146259410861842465e+00, -1.102611416155347968e+00, -1.126652976600598155e+00, -1.144966619201480018e+00, -1.140363250027498498e+00, -1.153251928635870005e+00, -1.137582965448675321e+00, -1.128670186288711186e+00, -1.128101754273969970e+00, -1.140555889860185523e+00, -1.119705504438960109e+00, -1.137180537241784251e+00, -1.151199751846029073e+00, -1.120058828994111355e+00, -1.131401669748193228e+00, -1.118430621733491392e+00, -1.136086716248208894e+00, -1.129721028735381161e+00, -1.132126068246060768e+00, -1.139174414171037153e+00
-1.171049021948368463e+00, -1.179999038758622110e+00, -1.175895334028435268e+00, -1.064453585565796168e+00, -1.119512300739090360e+00, -1.150920112570649412e+00, -1.129049254115875645e+00, -1.179049309146205538e+00, -1.141272821640860968e+00, -1.130960634447323532e+00, -1.125040438452759695e+00, -1.143608710237666859e+00, -1.145006211627637160e+00, -1.124707594385817799e+00, -1.160343315212067239e+00, -1.134363562787442881e+00, -1.144945076206559609e+00, -1.115080899062395048e+00, -1.140156003707589072e+00, -1.145634818111693765e+00, -1.133746497431209033e+00, -1.136279100143832377e+00, -1.141732593409431562e+00, -1.137754714023407665e+00, -1.139107074402008202e+00, -1.130281096655778583e+00, -1.137514422361627364e+00, -1.142317875168270547e+00, -1.140799644069046881e+00
-1.188949055568876201e+00, -1.126298937897099783e+00, -1.153148988327861169e+00, -1.166702688928253018e+00, -1.128088941259150602e+00, -1.068692326308967822e+00, -1.108665601626730446e+00, -1.173286526150931763e+00, -1.118607987731431219e+00, -1.148912138221835466e+00, -1.123672419245030252e+00, -1.119108845668712604e+00, -1.162827060395830170e+00, -1.120209530492774164e+00, -1.136004394694104747e+00, -1.113244126505702258e+00, -1.128226789168540467e+00, -1.132980932682902342e+00, -1.157540906002773706e+00, -1.110916440696800844e+00, -1.133335676479807930e+00, -1.129055889039161098e+00, -1.140808682665778839e+00, -1.150616353485327092e+00, -1.145509910382187080e+00, -1.146407966277740442e+00, -1.132530236102936794e+00, -1.126469050967886520e+00, -1.134196465061872772e+00
-1.153148988327861169e+00, -1.084069594154472682e+00, -1.114816308787069055e+00, -1.097549428241505698e+00, -1.156728995051962361e+00, -1.113099276000206306e+00, -1.089753691526325063e+00, -1.182236542961185854e+00, -1.135248954707353430e+00, -1.133729387327487181e+00, -1.116997641632537341e+00, -1.143737385622678016e+00, -1.113128935314763091e+00, -1.115601173412578362e+00, -1.133042574212741904e+00, -1.120102709163107946e+00, -1.133839909654430045e+00, -1.120511096765924641e+00, -1.125224625912521592e+00, -1.127457832954228856e+00, -1.129588854106411855e+00, -1.127896894924622639e+00, -1.143289118072084332e+00, -1.129550531947341785e+00, -1.138239319106853165e+00, -1.148512947198571776e+00, -1.142980312898719930e+00, -1.144700255789861121e+00, -1.140106896072415665e+00
-1.028363454524353848e+00, -1.095907319786695311e+00, -1.177015699821871042e+00, -1.112162313721653639e+00, -1.133832327635496018e+00, -1.127139184666646976e+00, -1.148034693007716101e+00, -1.117541934164362871e+00, -1.139283929016360108e+00, -1.128462317549344007e+00, -1.162959434079051224e+00, -1.127243237880538818e+00, -1.130028464585807857e+00, -1.119243764988709255e+00, -1.133832327635496462e+00, -1.132536585698582066e+00, -1.125537470665966211e+00, -1.135456385979683347e+00, -1.135933510314880657e+00, -1.134920533016391619e+00, -1.154540970871754890e+00, -1.136232309094737492e+00, -1.155976453574069307e+00, -1.144692567406828676e+00, -1.141430229457966572e+00, -1.139315331092255246e+00, -1.133236172725982094e+00, -1.141117503419727175e+00, -1.145329091228451723e+00
-1.153148988327861169e+00, -1.197899072379129848e+00, -1.123315598960348716e+00, -1.126427613282110940e+00, -1.138828961431455067e+00, -1.108484687866599927e+00, -1.126565635247238184e+00, -1.111924183069302519e+00, -1.149228392138864407e+00, -1.138120647895526361e+00, -1.118332275474229753e+00, -1.131675354490661700e+00, -1.161450134732714190e+00, -1.119087360825723465e+00, -1.091121164473074057e+00, -1.138162515051243329e+00, -1.135567114686394152e+00, -1.129911810156143837e+00, -1.169164807883051882e+00, -1.125210732516204626e+00, -1.143049176726706584e+00, -1.135886952872040556e+00, -1.140859128544113865e+00, -1.139337619253524725e+00, -1.110791522146771015e+00, -1.124857611629537679e+00, -1.147496577267729023e+00, -1.132065829615178210e+00, -1.134760462613609633e+00
-1.153148988327861169e+00, -1.179999038758622110e+00, -1.188949055568876201e+00, -1.135248954707353430e+00, -1.167469015224266826e+00, -1.123572949730371029e+00, -1.117808786995687420e+00, -1.159861500935551515e+00, -1.170204817848442769e+00, -1.156072151670038295e+00, -1.153607304747614304e+00, -1.143084533639001421e+00, -1.136833908049073028e+00, -1.153921623917948391e+00, -1.136004394694104747e+00, -1.088832771612622707e+00, -1.147437340974809761e+00, -1.119573839513678948e+00, -1.141552176002321950e+00, -1.139421276498520541e+00, -1.144054847916344375e+00, -1.150532434925182645e+00, -1.138524341550134711e+00, -1.119897572197904090e+00, -1.137917221003535317e+00, -1.135536167238271776e+00, -1.126263093842791108e+00, -1.129683867740836067e+00, -1.141305884491757627e+00
-1.153148988327861169e+00, -1.162099005138114816e+00, -1.153148988327861169e+00, -1.104728661211937801e+00, -1.096512693014614737e+00, -1.135248954707353430e+00, -1.141354835647622412e+00, -1.119988807959645616e+00, -1.139283929016360108e+00, -1.143542128135683011e+00, -1.131303690694594799e+00, -1.162141896933118534e+00, -1.153941464998720523e+00, -1.127218631070057153e+00, -1.127685359107204022e+00, -1.126974994038425937e+00, -1.158413704098598451e+00, -1.149922384083474025e+00, -1.134841592974840552e+00, -1.130489892964348098e+00, -1.135426752940778883e+00, -1.134628428835602332e+00, -1.125316260245413424e+00, -1.149575388111169438e+00, -1.146421650810106829e+00, -1.121058651562475195e+00, -1.131223370706604836e+00, -1.149483379908538883e+00, -1.126865060056207568e+00
-1.171049021948368463e+00, -1.206849089189383495e+00, -1.159287233381378623e+00, -1.153277663712872325e+00, -1.145988974879657896e+00, -1.156132327264612236e+00, -1.135322483498788504e+00, -1.103102841644060472e+00, -1.160260354725938470e+00, -1.141752124773632637e+00, -1.131303690694594799e+00, -1.139133701832539813e+00, -1.140796249785974492e+00, -1.127145102278622080e+00, -1.134957036338190672e+00, -1.117212440414319552e+00, -1.140733303589969605e+00, -1.120117589245964052e+00, -1.134476271956899929e+00, -1.145229191189724993e+00, -1.148703072037387862e+00, -1.158247323223545955e+00, -1.145175983469490788e+00, -1.132871893319067347e+00, -1.136000919731559033e+00, -1.129216191701869487e+00, -1.118943304700115160e+00, -1.128543315875926378e+00, -1.122899610448539143e+00
-1.188949055568876201e+00, -1.188949055568876201e+00, -1.117348921086846136e+00, -1.144327646902618678e+00, -1.145988974879657896e+00, -1.141301416170863448e+00, -1.176163317268513531e+00, -1.150911484125297424e+00, -1.102095938000143160e+00, -1.139859181103572539e+00, -1.114679653403460868e+00, -1.146592049174417927e+00, -1.109414172065225745e+00, -1.122067571354194548e+00, -1.125951187636545114e+00, -1.134943112390010445e+00, -1.160072658824579772e+00, -1.117191439369217942e+00, -1.132246350848465255e+00, -1.140615960500684256e+00, -1.143926068877208824e+00, -1.111548002690445180e+00, -1.133054126903021430e+00, -1.125907141866410388e+00, -1.157161670982411295e+00, -1.147869109567079438e+00, -1.131027894131713118e+00, -1.150743571540716381e+00, -1.145870828309096812e+00
-1.046263488144861586e+00, -1.126298937897099783e+00, -1.141387199760871329e+00, -1.148673979922734123e+00, -1.160309001776063997e+00, -1.102968736630071334e+00, -1.140749587144904709e+00, -1.142025805007549355e+00, -1.089132271848573197e+00, -1.160579437758248567e+00, -1.133668469972766157e+00, -1.108667159390082979e+00, -1.135456982385957048e+00, -1.108003259223795833e+00, -1.112352287290887087e+00, -1.121550256020882763e+00, -1.138021405709840561e+00, -1.155316717694689022e+00, -1.135845354696893850e+00, -1.121521242878013247e+00, -1.141368921217136290e+00, -1.125801337471795893e+00, -1.127275949848983050e+00, -1.132147504482380995e+00, -1.130994122761635357e+00, -1.158384262697275346e+00, -1.137609737461635628e+00, -1.141522203412629555e+00, -1.137264929426096582e+00
-1.082063555385876619e+00, -1.108398904276592489e+00, -1.112283696487291529e+00, -1.106628120436770502e+00, -1.138931901739463903e+00, -1.150165649391109657e+00, -1.176163317268513531e+00, -1.090965591018826508e+00, -1.164238139974940189e+00, -1.164341686407889487e+00, -1.153148988327861169e+00, -1.140144086497254072e+00, -1.132861500764354545e+00, -1.139121440593179990e+00, -1.141644840762441326e+00, -1.129824216689810257e+00, -1.133839909654429601e+00, -1.137380819981867131e+00, -1.105494557336176076e+00, -1.137631273136469723e+00, -1.150279058104967778e+00, -1.126070559297140505e+00, -1.157510599908893933e+00, -1.124801838799746712e+00, -1.132230386368176411e+00, -1.144005728086872509e+00, -1.144568579661694230e+00, -1.141582023296263237e+00, -1.140386638777221684e+00
-1.020250916084977089e+00, -1.135248954707353430e+00, -1.126921231714089089e+00, -1.139723963112480476e+00, -1.149671921911768813e+00, -1.157849360051474985e+00, -1.117422449878281210e+00, -1.103668689028714844e+00, -1.180993485070872762e+00, -1.133007988579396663e+00, -1.115463947947044954e+00, -1.110287504243470114e+00, -1.114921874717689665e+00, -1.151327711862158321e+00, -1.125410351740586901e+00, -1.123650906580833997e+00, -1.131128011774301001e+00, -1.149922384083474025e+00, -1.134476271956899929e+00, -1.145229191189724993e+00, -1.148960604352508685e+00, -1.121657013615237286e+00, -1.149772733251285928e+00, -1.151700210654489354e+00, -1.143294908078055894e+00, -1.143654114951508483e+00, -1.144749839591458596e+00, -1.151675119338040343e+00, -1.134009976144026766e+00
-1.171049021948368463e+00, -1.104599985826926201e+00, -1.073049563672551443e+00, -1.175524030353495508e+00, -1.105089333534674978e+00, -1.119065953873708885e+00, -1.147952580522505039e+00, -1.134299225094936858e+00, -1.132473047042931835e+00, -1.111592503600954185e+00, -1.161332158295368622e+00, -1.169600244274996648e+00, -1.123688692836326997e+00, -1.112308154558136142e+00, -1.138391065843505690e+00, -1.120262481430736035e+00, -1.141180235172283286e+00, -1.133288656612855050e+00, -1.124994135567069176e+00, -1.125996251283139848e+00, -1.134108299188320235e+00, -1.129723205960007082e+00, -1.133591561810906700e+00, -1.143474582680921170e+00, -1.142990994602082644e+00, -1.143238080402999568e+00, -1.140047054699410367e+00, -1.116571631529063691e+00, -1.120279243726386653e+00
-1.135248954707353430e+00, -1.113550002637180292e+00, -1.090949597293058737e+00, -1.162099005138114816e+00, -1.138931901739463903e+00, -1.138318077234112380e+00, -1.147022816527818012e+00, -1.135377630092365031e+00, -1.136450832291933555e+00, -1.121521269929321107e+00, -1.119362420910708700e+00, -1.130902621687237986e+00, -1.153148988327861169e+00, -1.121101805850129640e+00, -1.113536899390813240e+00, -1.158976109015640521e+00, -1.149118875078345869e+00, -1.162156194198119774e+00, -1.141525086447582993e+00, -1.157295575042025959e+00, -1.138940552596199307e+00, -1.153271913774308377e+00, -1.144232771192148279e+00, -1.154366973053768231e+00, -1.138586812140287119e+00, -1.130028464585807857e+00, -1.129158226002097365e+00, -1.138928291356839484e+00, -1.136834194461378456e+00
-1.153148988327861169e+00, -1.137512344245972695e+00, -1.129453844013866171e+00, -1.162485031293148730e+00, -1.121031868118956609e+00, -1.144284755107614959e+00, -1.127577511727135828e+00, -1.132190396277385158e+00, -1.155137880952362028e+00, -1.165781952170225289e+00, -1.136232309094737492e+00, -1.147407673772845360e+00, -1.131236954996477806e+00, -1.127034809091469469e+00, -1.133111201084747943e+00, -1.115312608219400481e+00, -1.133332424949757833e+00, -1.124996767654896423e+00, -1.114861448553280621e+00, -1.144276176748614038e+00, -1.125250551316930636e+00, -1.153295309298855820e+00, -1.124162900523677511e+00, -1.116780105704407333e+00, -1.127110202561560470e+00, -1.140172208367561169e+00, -1.124593728624935451e+00, -1.137879631158861038e+00, -1.148322050134682915e+00
-1.038150949705484383e+00, -1.069057269355934370e+00, -1.123315598960348716e+00, -1.164674554318408717e+00, -1.167469015224266826e+00, -1.147268094044366027e+00, -1.137953159950296111e+00, -1.156738604813077220e+00, -1.139226739956355150e+00, -1.160360471930068638e+00, -1.128927015769003450e+00, -1.117069806715400127e+00, -1.129741252054889511e+00, -1.129628721147259540e+00, -1.137996207166333651e+00, -1.129952892074821413e+00, -1.115462667890429582e+00, -1.141134733306590876e+00, -1.140240996912079474e+00, -1.152794831559896593e+00, -1.139608905862721233e+00, -1.149794931430693889e+00, -1.145999002456473459e+00, -1.119623887455435618e+00, -1.149677155996633005e+00, -1.140211800793718311e+00, -1.137295036391859249e+00, -1.143312001323321780e+00, -1.146470322518768015e+00
-1.082063555385876619e+00, -1.072856187805600214e+00, -1.117348921086846136e+00, -1.135248954707353430e+00, -1.151629420947994475e+00, -1.156218110854619674e+00, -1.117495978669716283e+00, -1.126765658259841540e+00, -1.111739916697997987e+00, -1.109686474718732274e+00, -1.129769997009102411e+00, -1.122177968195471554e+00, -1.166918244959020523e+00, -1.152606285692194366e+00, -1.120018823199045777e+00, -1.123715244273339575e+00, -1.124182770806979370e+00, -1.129940404686146316e+00, -1.117714859205994671e+00, -1.134975541483655315e+00, -1.128117111717672483e+00, -1.160495124878979656e+00, -1.146510936828730731e+00, -1.129754426825570590e+00, -1.143773994216573442e+00, -1.130196879029555568e+00, -1.153587740229391034e+00, -1.135846823258959137e+00, -1.138819166008238071e+00
-1.171049021948368463e+00, -1.206304344721122357e+00, -1.174483087522093960e+00, -1.139852638497491633e+00, -1.124611874843058246e+00, -1.156132327264612236e+00, -1.158336812439440866e+00, -1.135313292399859009e+00, -1.130784638843080447e+00, -1.116962513687106195e+00, -1.154823055160638656e+00, -1.142074148974287162e+00, -1.138795282704445189e+00, -1.141715352648969617e+00, -1.159802479316108581e+00, -1.143820613250157603e+00, -1.142680109908744246e+00, -1.155738819744652091e+00, -1.142867079632837513e+00, -1.157675466886992410e+00, -1.140732099572218772e+00, -1.138474187518558889e+00, -1.137410049261375455e+00, -1.139203491696779480e+00, -1.141255078436469006e+00, -1.157695799865717579e+00, -1.143724375561768092e+00, -1.144796840069212784e+00, -1.155053960930676915e+00
-1.206849089189383495e+00, -1.126298937897099783e+00, -1.126749664534073769e+00, -1.144198971517607077e+00, -1.185369048844774564e+00, -1.142932665367718759e+00, -1.117348921086846136e+00, -1.116463529166935142e+00, -1.164238139974940189e+00, -1.159549218086130651e+00, -1.138550297323813520e+00, -1.117842539518823841e+00, -1.109998621057481927e+00, -1.134743016467404608e+00, -1.172276670959071954e+00, -1.138162515051243329e+00, -1.146414674381841525e+00, -1.175599151459657765e+00, -1.134876158109496380e+00, -1.147778978241708714e+00, -1.142656634319040077e+00, -1.125011095104502257e+00, -1.163406357824751769e+00, -1.142841429605977233e+00, -1.140343316367502968e+00, -1.142653631410743387e+00, -1.138721126283076313e+00, -1.132029483966709105e+00, -1.131412255544579804e+00
-1.117348921086846136e+00, -1.117606271856868894e+00, -1.120782986660571190e+00, -1.144198971517607077e+00, -1.140992341083699291e+00, -1.133020078950141674e+00, -1.155779664779368776e+00, -1.155386492530424469e+00, -1.129582761258500323e+00, -1.099296192146142825e+00, -1.137859584878419650e+00, -1.114000684188641177e+00, -1.136913092901387756e+00, -1.146323709729165863e+00, -1.127762709453984602e+00, -1.143820613250157603e+00, -1.136491254412200558e+00, -1.145193417829857729e+00, -1.149976960186768427e+00, -1.139530759412610728e+00, -1.152008332808827529e+00, -1.146364715544076596e+00, -1.141284671812858420e+00, -1.149215919778693529e+00, -1.127954966360856570e+00, -1.120370188730917427e+00, -1.127450734744238403e+00, -1.154813879952941047e+00, -1.146470322518768015e+00
-1.171049021948368463e+00, -1.059225582492307360e+00, -1.182982377695373621e+00, -1.151249529103028024e+00, -1.149671921911768813e+00, -1.138683020281078928e+00, -1.121377811135658042e+00, -1.130773946302226829e+00, -1.153206177387866127e+00, -1.158182888675982625e+00, -1.173612861070339797e+00, -1.141483887694346944e+00, -1.146472387690884442e+00, -1.130944059373013122e+00, -1.141936759131604084e+00, -1.134363562787442881e+00, -1.126469307575397316e+00, -1.166706323709409077e+00, -1.146235621610874222e+00, -1.134972003170395816e+00, -1.122739053028996459e+00, -1.125801337471795893e+00, -1.130456134157773018e+00, -1.133145578061535375e+00, -1.147503329815705797e+00, -1.134411873645126523e+00, -1.148002625197413806e+00, -1.145240812502083871e+00, -1.120599399538940055e+00
-1.171049021948368463e+00, -1.110662293815210866e+00, -1.109021198093581351e+00, -1.120053145652151194e+00, -1.119045961879046924e+00, -1.150251432981117539e+00, -1.111296278078238053e+00, -1.152043178894607056e+00, -1.163150640510370426e+00, -1.133729387327487181e+00, -1.086863696286153758e+00, -1.122725337680408053e+00, -1.127859062251832079e+00, -1.128929614348607391e+00, -1.145010243395750305e+00, -1.143957466892770114e+00, -1.149294326516999032e+00, -1.111375003708039877e+00, -1.144297228436079283e+00, -1.138552009894497452e+00, -1.133433714868388176e+00, -1.126099902645397943e+00, -1.124824327707018234e+00, -1.131809482047407389e+00, -1.140801814444418305e+00, -1.131093369539716953e+00, -1.137414260886743911e+00, -1.131643166171665715e+00, -1.144973843065652641e+00
-1.171049021948368463e+00, -1.140400053067941233e+00, -1.118250374360794108e+00, -1.148802655307745724e+00, -1.110729779603012002e+00, -1.129100695344430694e+00, -1.133078144164687551e+00, -1.155386492530424469e+00, -1.131271169458351711e+00, -1.156780465205967001e+00, -1.108018281474025812e+00, -1.126524301215586998e+00, -1.125689659917856300e+00, -1.144934842711976763e+00, -1.125298687957803079e+00, -1.144263309210113100e+00, -1.124969432838936356e+00, -1.129482438543868650e+00, -1.126878349632385756e+00, -1.151004828197845775e+00, -1.141933030804818117e+00, -1.144321896964054730e+00, -1.119890802253956874e+00, -1.128783251315652159e+00, -1.126198462133640721e+00, -1.147032007696153766e+00, -1.133880073914147246e+00, -1.150067520229980822e+00, -1.132273744130089632e+00
-1.171049021948368463e+00, -1.153148988327861169e+00, -1.141215632580856010e+00, -1.128874487077393685e+00, -1.131668947983252238e+00, -1.108935414503573913e+00, -1.135635291824759641e+00, -1.135377630092365031e+00, -1.134762424092082167e+00, -1.130909164293318891e+00, -1.144321896964054730e+00, -1.153374351646347939e+00, -1.133990806322709766e+00, -1.124781123177252873e+00, -1.157922330626663054e+00, -1.125445714823441801e+00, -1.149126572261970569e+00, -1.151310337915684823e+00, -1.123225166674478803e+00, -1.139582229566614924e+00, -1.131189349771136499e+00, -1.119315629861613370e+00, -1.136967816887481941e+00, -1.136080573031549079e+00, -1.132905211589793293e+00, -1.145031040614624462e+00, -1.139565350421007928e+00, -1.134904687148734492e+00, -1.123778847363016364e+00
-1.050790267222099228e+00, -1.188949055568876201e+00, -1.147353877634373465e+00, -1.151378204488039625e+00, -1.082630597774568493e+00, -1.116082614936957373e+00, -1.107193859237991074e+00, -1.168811517745805162e+00, -1.114744580602439861e+00, -1.111489563292944904e+00, -1.164586709862733382e+00, -1.135560101615848083e+00, -1.150642757106389968e+00, -1.144225590483437749e+00, -1.112162527568202997e+00, -1.134902765286156523e+00, -1.125507194104787168e+00, -1.111739916697997987e+00, -1.166392665894555591e+00, -1.096267992109432932e+00, -1.139326863950455238e+00, -1.125110625026402467e+00, -1.148311411122624470e+00, -1.153621138319580464e+00, -1.131859474622533224e+00, -1.145407482736975346e+00, -1.147983562177411709e+00, -1.117036151405600197e+00, -1.126900556714141466e+00
-1.153663689867906239e+00, -1.108656255046614802e+00, -1.171049021948368463e+00, -1.152876616093730489e+00, -1.140992341083699291e+00, -1.132265615770602363e+00, -1.123841139144521328e+00, -1.137550796602422754e+00, -1.161161747885869566e+00, -1.129061682191620397e+00, -1.142003908734978257e+00, -1.151743102449493072e+00, -1.147136021535455352e+00, -1.088255756423281984e+00, -1.165262634729655744e+00, -1.138331537540108407e+00, -1.139619807313463795e+00, -1.136958717931904062e+00, -1.146296687674122072e+00, -1.140290543102543630e+00, -1.136119083237931537e+00, -1.153318704823403706e+00, -1.147885867853879471e+00, -1.126840877753059189e+00, -1.143143154127721495e+00, -1.131321172622700821e+00, -1.138320500421549752e+00, -1.126602399642955721e+00, -1.132122751870177968e+00
-1.038150949705484383e+00, -1.099448887466338398e+00, -1.120782986660571190e+00, -1.124528154057278240e+00, -1.114309786327113194e+00, -1.113099276000206306e+00, -1.158263283648006237e+00, -1.140062008090211076e+00, -1.120539691295927121e+00, -1.104022444062532582e+00, -1.120205402150807217e+00, -1.131632462695657981e+00, -1.151890839943217060e+00, -1.137879631158861038e+00, -1.134231904063680574e+00, -1.105952064295444348e+00, -1.143316398041757331e+00, -1.141394469323183003e+00, -1.143782097110756624e+00, -1.133645639490399315e+00, -1.139149065717029785e+00, -1.126415915519837441e+00, -1.127203125642819881e+00, -1.139155147730041673e+00, -1.148003004015824668e+00, -1.133054744195089114e+00, -1.151560721564886869e+00, -1.143946002397632888e+00, -1.148077804087810794e+00
-1.171049021948368463e+00, -1.081806204615853861e+00, -1.141387199760871329e+00, -1.139723963112480476e+00, -1.138931901739463903e+00, -1.125569141974192888e+00, -1.109751006898063608e+00, -1.171049021948368463e+00, -1.141215632580856010e+00, -1.160309001776063997e+00, -1.142249759627873562e+00, -1.139133701832539813e+00, -1.109374579639068159e+00, -1.126758803805941067e+00, -1.137884543383550273e+00, -1.119409258357078052e+00, -1.139203152292329158e+00, -1.125025362184898903e+00, -1.155602512827978767e+00, -1.144586263539563387e+00, -1.133801747678909511e+00, -1.141137531970332297e+00, -1.143641837134666162e+00, -1.128804697213154018e+00, -1.116586531175003838e+00, -1.110211681509993831e+00, -1.124255138198288151e+00, -1.156129218178694629e+00, -1.134573973695763627e+00
-1.188949055568876201e+00, -1.095649969016672554e+00, -1.114816308787069055e+00, -1.162099005138114816e+00, -1.153148988327861169e+00, -1.144198971517607077e+00, -1.157251407168108148e+00, -1.123769971907009335e+00, -1.126449180109424297e+00, -1.144198971517607077e+00, -1.148267160976813361e+00, -1.124259898943787306e+00, -1.147680878101554391e+00, -1.142377695051904229e+00, -1.136004394694104747e+00, -1.146669835901541479e+00, -1.117151899177589947e+00, -1.145222012359860209e+00, -1.126024398217714495e+00, -1.128404304789258461e+00, -1.120543707126035127e+00, -1.145135534855896253e+00, -1.143619458806838018e+00, -1.151067057579544972e+00, -1.127800403400960771e+00, -1.135704581682019487e+00, -1.128132761972406861e+00, -1.136348088208850360e+00, -1.148468548908544218e+00
-1.135248954707353430e+00, -1.144456322287629835e+00, -1.111725377573373752e+00, -1.062006711770513423e+00, -1.137309394051588818e+00, -1.126384721487107221e+00, -1.145551074139078640e+00, -1.116463529166935142e+00, -1.148326998978933755e+00, -1.110510813774832073e+00, -1.136232309094737492e+00, -1.140668263095919066e+00, -1.150603164680232382e+00, -1.135442123266056758e+00, -1.128844381245901918e+00, -1.133212641839908219e+00, -1.148180830240493222e+00, -1.148412782568941193e+00, -1.148519721828787254e+00, -1.145821506256790467e+00, -1.140516538663778778e+00, -1.137514228655722714e+00, -1.136189554556155556e+00, -1.157307420195515579e+00, -1.112419285560557469e+00, -1.119285487563929760e+00, -1.133174137291102390e+00, -1.138633884551089714e+00, -1.137280605828979940e+00
-1.171563723488413977e+00, -1.135506305477376188e+00, -1.188949055568876201e+00, -1.121823929491972738e+00, -1.114412726635122475e+00, -1.093056150212494693e+00, -1.142993926479006106e+00, -1.126701320567335962e+00, -1.161104558825864164e+00, -1.123852091153124899e+00, -1.171049021948368463e+00, -1.151700210654489354e+00, -1.126690164267319716e+00, -1.140556418586201826e+00, -1.114017831889540400e+00, -1.112189712096926630e+00, -1.117697357627065902e+00, -1.155166475482364508e+00, -1.137417838227601230e+00, -1.126105734197230035e+00, -1.148654052843097961e+00, -1.131250951821789918e+00, -1.136094352022164244e+00, -1.129502187980603978e+00, -1.136567570560301998e+00, -1.124500965720265366e+00, -1.144988268543222443e+00, -1.136739079293951793e+00, -1.117908425152532637e+00
-1.056050983325991677e+00, -1.072856187805600214e+00, -1.163961978281430110e+00, -1.140855657881789664e+00, -1.112249346982878251e+00, -1.154951804704731355e+00, -1.158263283648006237e+00, -1.164336509340678116e+00, -1.147953543714455016e+00, -1.135519390689538000e+00, -1.131350481743689684e+00, -1.139176593627543532e+00, -1.130573321151906896e+00, -1.149506435396455473e+00, -1.128191881567159438e+00, -1.130331250342271332e+00, -1.126117368398102503e+00, -1.145765762092145312e+00, -1.134073223390807073e+00, -1.128729162992559099e+00, -1.146973797333528111e+00, -1.122892142127128068e+00, -1.140836750216285722e+00, -1.143587264340165000e+00, -1.123355044815961268e+00, -1.113926423950833300e+00, -1.149347616633749070e+00, -1.139585960469716497e+00, -1.124196937569104993e+00
-1.171049021948368463e+00, -1.099706238236361155e+00, -1.132716342407576349e+00, -1.108527579661603646e+00, -1.171151962256377743e+00, -1.125032631747211020e+00, -1.106034925175222838e+00, -1.157817009810504949e+00, -1.169060129323867603e+00, -1.114850604188866612e+00, -1.119362420910708700e+00, -1.145100379706042393e+00, -1.132118682067468907e+00, -1.119400130506969404e+00, -1.142589258810346120e+00, -1.141011737702627205e+00, -1.148550837251315571e+00, -1.137473873134186686e+00, -1.129365850641012248e+00, -1.117535609231942839e+00, -1.129895405615822579e+00, -1.147599844055967377e+00, -1.155106065502889967e+00, -1.131401669748193228e+00, -1.137937809065137085e+00, -1.128592150283455720e+00, -1.143261714265361828e+00, -1.151382858455734404e+00, -1.137060692179283627e+00
-1.153148988327861169e+00, -1.215799105999637142e+00, -1.117348921086846136e+00, -1.166574013543241861e+00, -1.163889008500165634e+00, -1.120503827203612524e+00, -1.160820431308078327e+00, -1.125687253262413812e+00, -1.129396654953861212e+00, -1.136382114687480183e+00, -1.128142721225419809e+00, -1.138275185439108661e+00, -1.123183428696385100e+00, -1.125829764052868054e+00, -1.133042574212741904e+00, -1.139377773691283569e+00, -1.134862576247398280e+00, -1.158750753211405637e+00, -1.142440103925502104e+00, -1.126452789164273494e+00, -1.126099564048136603e+00, -1.132140724110983321e+00, -1.128546890432538419e+00, -1.141976995045111742e+00, -1.141491993642771874e+00, -1.124877407842616250e+00, -1.144687804156578892e+00, -1.119068959305502098e+00, -1.119475897921516250e+00
-1.135248954707353430e+00, -1.179999038758622110e+00, -1.153320555507876044e+00, -1.157623996732987770e+00, -1.130252320911394825e+00, -1.132351399360609800e+00, -1.116263515815512974e+00, -1.150090429897892452e+00, -1.135363332827363791e+00, -1.131012104601327728e+00, -1.128142721225419809e+00, -1.145776424575990493e+00, -1.136289051482973989e+00, -1.111802216318186876e+00, -1.151955652753160475e+00, -1.127482027690887012e+00, -1.153011829839612812e+00, -1.150251432981117539e+00, -1.112035127455305528e+00, -1.128706991403218396e+00, -1.124063737834866128e+00, -1.118870743717016669e+00, -1.130388999174289033e+00, -1.144987698046799007e+00, -1.148245153306992616e+00, -1.151539226807853034e+00, -1.142035947323911227e+00, -1.136099792378933770e+00, -1.155728960598340738e+00
-1.153148988327861169e+00, -1.144198971517607077e+00, -1.147182310454358589e+00, -1.139852638497491633e+00, -1.174514071193174747e+00, -1.162184788728122253e+00, -1.107580196355397284e+00, -1.144198971517607077e+00, -1.134404750607427736e+00, -1.154990461843916183e+00, -1.163849206368244626e+00, -1.127876390955482755e+00, -1.108750538220654835e+00, -1.121811445685470421e+00, -1.124217016165886207e+00, -1.140464356946312208e+00, -1.107864767340962064e+00, -1.118307533363790629e+00, -1.135499647653775757e+00, -1.130117102920302763e+00, -1.137983900600851417e+00, -1.129301715339957823e+00, -1.117298498731387202e+00, -1.117821093621321982e+00, -1.133358475581843994e+00, -1.125917483809538489e+00, -1.135706769628885393e+00, -1.137704864120379522e+00, -1.130812761334908600e+00
-1.027848752984308778e+00, -1.135248954707353430e+00, -1.144649698154581063e+00, -1.139852638497491633e+00, -1.124817755459076363e+00, -1.162099005138114816e+00, -1.091225433915064436e+00, -1.105678390824354373e+00, -1.132716342407576349e+00, -1.115764798340813435e+00, -1.142003908734978701e+00, -1.133209915754040953e+00, -1.138250426138346150e+00, -1.144392140076310405e+00, -1.100015349391935793e+00, -1.110459241546823961e+00, -1.133173344960237472e+00, -1.128917363843893185e+00, -1.131677040413664237e+00, -1.146529819792719174e+00, -1.140620808105769601e+00, -1.120474623976151829e+00, -1.144045002075582573e+00, -1.153685476012086042e+00, -1.140147577284403635e+00, -1.131638226105815992e+00, -1.142358095703341014e+00, -1.122030806958477012e+00, -1.128641282214128960e+00
-1.082063555385876619e+00, -1.162099005138114816e+00, -1.188949055568876201e+00, -1.179158764413545502e+00, -1.142511908463565540e+00, -1.088052041946315107e+00, -1.163377578968150861e+00, -1.124254446772053218e+00, -1.126806853594078728e+00, -1.142511908463565540e+00, -1.095889847493759728e+00, -1.157623996732987770e+00, -1.149097396190827958e+00, -1.151438005049310931e+00, -1.155930554222844187e+00, -1.146605498209035900e+00, -1.130173595487315552e+00, -1.120352963663687529e+00, -1.140271248880315280e+00, -1.143844814749642946e+00, -1.117624757708851835e+00, -1.144714044235846551e+00, -1.138877060612716097e+00, -1.135045059829125069e+00, -1.143665819823699525e+00, -1.136100820017449387e+00, -1.116299567700285156e+00, -1.138597120155371734e+00, -1.136891932934330107e+00
-1.188949055568876201e+00, -1.162099005138114816e+00, -1.147182310454358589e+00, -1.157623996732987770e+00, -1.131668947983252238e+00, -1.137051771084223617e+00, -1.146949287736382939e+00, -1.149961754512881296e+00, -1.143204525205356870e+00, -1.120593990565212472e+00, -1.132930966478277401e+00, -1.131675354490661700e+00, -1.107801011185025608e+00, -1.127024663661582604e+00, -1.123384225832354755e+00, -1.142130489803909299e+00, -1.143861856491232842e+00, -1.131356953048359593e+00, -1.115288424260616473e+00, -1.120498423382885189e+00, -1.125271691091923820e+00, -1.149080798868654885e+00, -1.112343340664331048e+00, -1.152945093449632363e+00, -1.140430902698774673e+00, -1.139899780084511427e+00, -1.142136108798794236e+00, -1.123622169792121817e+00, -1.125550557378813377e+00
-1.153148988327861169e+00, -1.099448887466338398e+00, -1.155462688108150449e+00, -1.097806779011528455e+00, -1.156728995051962361e+00, -1.138318077234112380e+00, -1.141908521207672944e+00, -1.159861500935551515e+00, -1.150315891603434615e+00, -1.163129224810232287e+00, -1.158907675602791620e+00, -1.131267564734204534e+00, -1.129196395488790916e+00, -1.132222633203049611e+00, -1.135497872234149330e+00, -1.114668720924327339e+00, -1.124621028123784505e+00, -1.145250606889862688e+00, -1.113384910300549535e+00, -1.130091367843300443e+00, -1.149555454590745374e+00, -1.145480891078592744e+00, -1.147958692060042640e+00, -1.151383634117017163e+00, -1.148677829237441550e+00, -1.132014668228166876e+00, -1.143705312541766439e+00, -1.120431021057738175e+00, -1.117117929882890603e+00
-1.091851050567006709e+00, -1.162356355908137573e+00, -1.115204869352711903e+00, -1.137824503887647332e+00, -1.163889008500165634e+00, -1.105501348929848415e+00, -1.115325168127049960e+00, -1.112326565739538697e+00, -1.145250606889862688e+00, -1.140618964793505885e+00, -1.118379066523325083e+00, -1.142117040769291325e+00, -1.134822875419726707e+00, -1.126528870851520647e+00, -1.105484228280257497e+00, -1.140842715213762126e+00, -1.137385117576827476e+00, -1.116139803996962332e+00, -1.159370940958611929e+00, -1.131881371205351261e+00, -1.156607537735581115e+00, -1.145826247301289680e+00, -1.143546634600674849e+00, -1.124302790738791469e+00, -1.140734816174747923e+00, -1.140627835342226781e+00, -1.138520823371315771e+00, -1.150472220222883202e+00, -1.140404387106188633e+00
-1.099448887466338398e+00, -1.020250916084977089e+00, -1.177015699821871042e+00, -1.119924470267140038e+00, -1.123092307463191997e+00, -1.138318077234112380e+00, -1.084878675740716059e+00, -1.109815354251750374e+00, -1.152419162347945392e+00, -1.132802107963378546e+00, -1.142741412229467457e+00, -1.130178677867583525e+00, -1.114477611822001890e+00, -1.141135885617585721e+00, -1.127616732235197983e+00, -1.154911627724216405e+00, -1.126598111003738634e+00, -1.142510563317755690e+00, -1.142521372589719419e+00, -1.134128471643375047e+00, -1.158520841726276895e+00, -1.138410703786445488e+00, -1.151237132174085964e+00, -1.137368347621695808e+00, -1.111940199422040365e+00, -1.127170599420274311e+00, -1.152846298539127456e+00, -1.146907850050607358e+00, -1.136816446132411507e+00
-1.171049021948368463e+00, -1.117348921086846136e+00, -1.120782986660571190e+00, -1.179999038758622110e+00, -1.144469407499791647e+00, -1.171049021948368463e+00, -1.098584068569310457e+00, -1.125349208284683211e+00, -1.140371428480930316e+00, -1.158518998414013179e+00, -1.155712827449832503e+00, -1.133435279072528168e+00, -1.136081023804370371e+00, -1.150665369459223708e+00, -1.141215632580856010e+00, -1.137687650245035265e+00, -1.108349672668079489e+00, -1.155568205421201977e+00, -1.128335587990366928e+00, -1.132505963955499517e+00, -1.095646840608392569e+00, -1.151176356321481631e+00, -1.135220910679722639e+00, -1.128734907348914351e+00, -1.130535646325766308e+00, -1.154629927830278735e+00, -1.132372885568048826e+00, -1.130635943659462406e+00, -1.141905378701428830e+00
-1.099448887466338398e+00, -1.153148988327861169e+00, -1.171220589128383782e+00, -1.144198971517607077e+00, -1.110729779603012002e+00, -1.099706238236361155e+00, -1.150665369459223708e+00, -1.141670005527516629e+00, -1.140428617540935274e+00, -1.161339221448181469e+00, -1.140423424000390984e+00, -1.124217007148783587e+00, -1.150434729427786351e+00, -1.116530213165650931e+00, -1.138030520602336892e+00, -1.151012413555630109e+00, -1.139074348863988284e+00, -1.151732439965647892e+00, -1.131304243815807187e+00, -1.147585774541838965e+00, -1.129821876824387505e+00, -1.145158930380443696e+00, -1.146329343191226702e+00, -1.132850447421565043e+00, -1.138282898664313869e+00, -1.134015635309696624e+00, -1.135525529737126504e+00, -1.128773229507984421e+00, -1.155466966222502112e+00
-1.046778189684906657e+00, -1.117348921086846136e+00, -1.141215632580856010e+00, -1.115449461862012992e+00, -1.122989367155182716e+00, -1.099620454646353718e+00, -1.163451107759585934e+00, -1.119650762981915015e+00, -1.161161747885869566e+00, -1.116743547858926267e+00, -1.164539918813638497e+00, -1.126384721487107221e+00, -1.126650571841162130e+00, -1.142957162083288569e+00, -1.137163416832802199e+00, -1.116125518003339590e+00, -1.139013795741629753e+00, -1.121655785290499807e+00, -1.126139643390440703e+00, -1.146522717991798057e+00, -1.139173575314174958e+00, -1.133937716390208461e+00, -1.131189639833443117e+00, -1.140287348865941297e+00, -1.140302140244298990e+00, -1.136809079062085726e+00, -1.110452114321667239e+00, -1.140924354183386669e+00, -1.130906015121868613e+00
-1.109751084187514447e+00, -1.162099005138114816e+00, -1.129453844013866171e+00, -1.126298937897099783e+00, -1.142408968155556703e+00, -1.148899343241221338e+00, -1.146124228072963103e+00, -1.096454666728875704e+00, -1.161104558825864164e+00, -1.146910245658123495e+00, -1.128786642621718350e+00, -1.137684924159167998e+00, -1.158656690980325088e+00, -1.142028160974941198e+00, -1.158609143741407888e+00, -1.146058117452720904e+00, -1.140733303589969605e+00, -1.138260888174107421e+00, -1.120425935131243556e+00, -1.137605538059467847e+00, -1.136665446848392325e+00, -1.135863557347492669e+00, -1.134655408221330486e+00, -1.134615801632409049e+00, -1.121572718442279015e+00, -1.141316298173784993e+00, -1.139183787579483020e+00, -1.143711415475517246e+00, -1.110350522428962261e+00
-1.188949055568876201e+00, -1.117606271856868894e+00, -1.135248954707353430e+00, -1.153148988327861169e+00, -1.149351083816455121e+00, -1.147268094044366027e+00, -1.171122550739803536e+00, -1.124061433694536483e+00, -1.139226739956355150e+00, -1.147070664705780008e+00, -1.129769997009102411e+00, -1.157666888527991489e+00, -1.131910654388865289e+00, -1.153148988327861169e+00, -1.145988974879657896e+00, -1.128093746139708031e+00, -1.141240788294641373e+00, -1.140278375328610760e+00, -1.135445468544297398e+00, -1.113491962825786885e+00, -1.135426752940778883e+00, -1.143186298374064158e+00, -1.146614927270324102e+00, -1.117273701593628932e+00, -1.152035805735058815e+00, -1.150622960893311397e+00, -1.140066117719412020e+00, -1.147413788290556624e+00, -1.127144802761013587e+00
-1.144461662492006981e+00, -1.162099005138114816e+00, -1.108849630913566031e+00, -1.164674554318408717e+00, -1.167469015224266826e+00, -1.099387771132963820e+00, -1.165934726628223395e+00, -1.145551083800259828e+00, -1.153148988327861169e+00, -1.153200458481865365e+00, -1.134605033311054889e+00, -1.132533870884093297e+00, -1.127195428407261169e+00, -1.145551074139078640e+00, -1.151517757165211098e+00, -1.122057289673343838e+00, -1.141210511733462329e+00, -1.147933491458973165e+00, -1.157459637338555947e+00, -1.129550522930239165e+00, -1.122077721786933768e+00, -1.147254487833270442e+00, -1.126497687517656665e+00, -1.156245008923855622e+00, -1.123246870423087795e+00, -1.140900263625276523e+00, -1.130183690031787425e+00, -1.146190361054096662e+00, -1.143099854978646412e+00
-1.135763656247398945e+00, -1.126556288667122541e+00, -1.123487166140363591e+00, -1.144327646902618678e+00, -1.107149772878910365e+00, -1.162099005138114816e+00, -1.150665369459223708e+00, -1.123240379467131067e+00, -1.145193417829857729e+00, -1.135570860843542640e+00, -1.117196701476336873e+00, -1.108162681700150198e+00, -1.160241644322044241e+00, -1.150591840667788635e+00, -1.102805602693283316e+00, -1.144231140363860089e+00, -1.150596170437252486e+00, -1.124667718757253354e+00, -1.119483828098585043e+00, -1.154964726766913863e+00, -1.152425384813638765e+00, -1.148858368092405158e+00, -1.143501877945018563e+00, -1.119468314001188514e+00, -1.145401735989313163e+00, -1.126501932801794670e+00, -1.138683000243073007e+00, -1.139972278264759886e+00, -1.142278375193195306e+00
-1.206849089189383495e+00, -1.162099005138114816e+00, -1.230352637704552610e+00, -1.104052571256476600e+00, -1.096512693014614737e+00, -1.135334738297360868e+00, -1.109051938744136656e+00, -1.156674267120571198e+00, -1.117706594571500567e+00, -1.143490657981678815e+00, -1.133024548576467172e+00, -1.136150362895788746e+00, -1.152930034801686876e+00, -1.129665485542977077e+00, -1.138537043062292309e+00, -1.123208210620878500e+00, -1.141149958611103798e+00, -1.150308622041122497e+00, -1.121483287336627832e+00, -1.133181999808345441e+00, -1.140412269221788399e+00, -1.141559022590381556e+00, -1.150080695658211472e+00, -1.133708963814996640e+00, -1.131514385023355995e+00, -1.140647631555305797e+00, -1.132773511429575386e+00, -1.128465113794433705e+00, -1.132961979984596468e+00
-1.099448887466338398e+00, -1.117606271856868894e+00, -1.188949055568876201e+00, -1.137824503887647332e+00, -1.167469015224266826e+00, -1.134068432147472549e+00, -1.145477545347643566e+00, -1.168811517745805162e+00, -1.126749664534073769e+00, -1.145280661343729189e+00, -1.129723205960007526e+00, -1.150208541186113376e+00, -1.128572354070377148e+00, -1.146986052132100475e+00, -1.133832327635496462e+00, -1.118121483766930879e+00, -1.147528170658347335e+00, -1.142868206745401682e+00, -1.128050947010496685e+00, -1.142434703232558579e+00, -1.147826179886885622e+00, -1.149174380966844655e+00, -1.136811914306519178e+00, -1.141349760137601255e+00, -1.136830307913071714e+00, -1.145679911020025088e+00, -1.131247280101481234e+00, -1.120871872895708776e+00, -1.129089784163888499e+00
-1.188949055568876201e+00, -1.108398904276592489e+00, -1.117348921086846136e+00, -1.146774520697900979e+00, -1.087833112186545659e+00, -1.166799376861728632e+00, -1.117808786995687420e+00, -1.135248954707353430e+00, -1.117463299206856053e+00, -1.147019194551775367e+00, -1.107924699375836042e+00, -1.163590674606490349e+00, -1.160826093314300422e+00, -1.148807328597803323e+00, -1.155535659477262111e+00, -1.136061864491292095e+00, -1.112325759929259306e+00, -1.146366700884435375e+00, -1.149034853154109914e+00, -1.113685193576964494e+00, -1.137573079649450314e+00, -1.129009097990066213e+00, -1.139324982209289239e+00, -1.126545747113088858e+00, -1.160741677706512931e+00, -1.122202741368699019e+00, -1.119895790107761524e+00, -1.133289675598886603e+00, -1.127127054432046638e+00
-1.206849089189383495e+00, -1.140400053067941677e+00, -1.091121164473074057e+00, -1.116254227202485350e+00, -1.149568981603759532e+00, -1.156303894444627556e+00, -1.144392140076310405e+00, -1.120938537572062188e+00, -1.159115666201363748e+00, -1.158518998414013179e+00, -1.148313952025908691e+00, -1.149527489161462857e+00, -1.125313238604203736e+00, -1.154501090949332287e+00, -1.139009252086244484e+00, -1.142130489803908855e+00, -1.149853000377170531e+00, -1.105773238824495408e+00, -1.151264774262544588e+00, -1.139775433266485116e+00, -1.136279135494136394e+00, -1.130858804549998098e+00, -1.126637646707304263e+00, -1.124259898943787306e+00, -1.145983762435839548e+00, -1.134139445362076781e+00, -1.146013732572912502e+00, -1.133542644718861236e+00, -1.143774854646310679e+00
-1.010463420903846554e+00, -1.162099005138114816e+00, -1.120954553840586509e+00, -1.115449461862012992e+00, -1.083815173806084164e+00, -1.145991773585072204e+00, -1.126565635247238184e+00, -1.130838283994732407e+00, -1.160260354725938470e+00, -1.093524974306271158e+00, -1.136969812589226247e+00, -1.140850734619402562e+00, -1.151266798524803292e+00, -1.146756119177679611e+00, -1.133111201084748387e+00, -1.134363562787442881e+00, -1.129567583915481510e+00, -1.154322271382438814e+00, -1.135418378989557997e+00, -1.142241499532688831e+00, -1.142166053522793323e+00, -1.111192681218357237e+00, -1.140363837863344276e+00, -1.139090810037536095e+00, -1.117539447726127122e+00, -1.139562930388317685e+00, -1.132735385389572080e+00, -1.128676645228632758e+00, -1.150062775634669965e+00
-1.171049021948368463e+00, -1.179999038758622110e+00, -1.129282276833850851e+00, -1.157752672117999371e+00, -1.149568981603759532e+00, -1.077835718986172697e+00, -1.131606401775948179e+00, -1.136665404682511760e+00, -1.159172855261368706e+00, -1.119512300739090360e+00, -1.143126570367560380e+00, -1.125891148140642617e+00, -1.158072241988068463e+00, -1.157642760374016477e+00, -1.149603295039762774e+00, -1.156537413477959131e+00, -1.142839189898264607e+00, -1.126084267119466631e+00, -1.145293514578216154e+00, -1.129737211075335868e+00, -1.127056216043484493e+00, -1.131771972363738943e+00, -1.133502048499594572e+00, -1.152832411790388978e+00, -1.124854045775272038e+00, -1.128567321296468862e+00, -1.140027991679408714e+00, -1.121179988609259492e+00, -1.140071399414481323e+00
-1.038150949705484383e+00, -1.171049021948368463e+00, -1.135248954707353430e+00, -1.126298937897099783e+00, -1.135351895015362711e+00, -1.144198971517607077e+00, -1.121451339927093116e+00, -1.128600779792168662e+00, -1.133617735567507001e+00, -1.113279566654995723e+00, -1.151521712544178566e+00, -1.159974182594794900e+00, -1.155942432080250271e+00, -1.141908521207672944e+00, -1.138391065843505690e+00, -1.126025264426009809e+00, -1.142778636775906076e+00, -1.141394469323183003e+00, -1.114461562400684169e+00, -1.141565436628535490e+00, -1.157898620659636446e+00, -1.141582418114928998e+00, -1.136659854480556398e+00, -1.123626745868842924e+00, -1.133250301188970077e+00, -1.146447558703897585e+00, -1.141053455709098774e+00, -1.127476273480089386e+00, -1.128699039343155075e+00
-1.171049021948368463e+00, -1.095907319786695311e+00, -1.087687098899348559e+00, -1.188949055568876201e+00, -1.127474729694731614e+00, -1.162853468317654571e+00, -1.118967721058455655e+00, -1.120262515244870638e+00, -1.135233172927529122e+00, -1.141649184465623357e+00, -1.147576448531419935e+00, -1.146549157379414208e+00, -1.134743690567411978e+00, -1.158263283648006237e+00, -1.127334644700277888e+00, -1.105243839307865183e+00, -1.155921439330348299e+00, -1.132501641572934759e+00, -1.140698224587650689e+00, -1.167984125060325784e+00, -1.108739130418165519e+00, -1.133346509274616665e+00, -1.129985834233372177e+00, -1.124962841882971354e+00, -1.125739985697771672e+00, -1.132737690711973944e+00, -1.143686249521764786e+00, -1.127319888639466416e+00, -1.143099469327032658e+00
-1.046263488144861586e+00, -1.135248954707353430e+00, -1.090949597293058737e+00, -1.144198971517607077e+00, -1.120928927810947329e+00, -1.105952075566822401e+00, -1.141982049999108018e+00, -1.152263596407950175e+00, -1.149171203078859449e+00, -1.136382114687480183e+00, -1.153148988327861169e+00, -1.117617176200337070e+00, -1.136913092901387312e+00, -1.134200313831737805e+00, -1.117632152049644834e+00, -1.137687650245034821e+00, -1.148134182230181377e+00, -1.126055672589464152e+00, -1.143782097110756624e+00, -1.144359924585701904e+00, -1.124088247432010856e+00, -1.130373854789933130e+00, -1.106269301839682750e+00, -1.138795679397565763e+00, -1.117951535594974288e+00, -1.128611946496534291e+00, -1.150916820376721716e+00, -1.141425619133277891e+00, -1.145946333767090319e+00
-1.135248954707353430e+00, -1.188949055568876201e+00, -1.117348921086846136e+00, -1.139723963112480476e+00, -1.160309001776063997e+00, -1.150251432981117539e+00, -1.122996611107267562e+00, -1.162163342830620394e+00, -1.099863750010997787e+00, -1.124611874843058246e+00, -1.122230748437893499e+00, -1.151067057579544972e+00, -1.105947028920448716e+00, -1.139158204988897083e+00, -1.120637009441784571e+00, -1.129614880911225860e+00, -1.143255844919398800e+00, -1.098983681818757496e+00, -1.144697114588675735e+00, -1.137412334359597654e+00, -1.113755387349730341e+00, -1.144192515334951921e+00, -1.137180600283292264e+00, -1.126272062370620386e+00, -1.136397631982622780e+00, -1.121033822575488337e+00, -1.125824341941260798e+00, -1.165313821911064363e+00, -1.131314508271569430e+00
-1.188949055568876201e+00, -1.060364603315703036e+00, -1.159115666201363748e+00, -1.148673979922734123e+00, -1.101612267118582622e+00, -1.156218110854619674e+00, -1.125020364067063738e+00, -1.153277663712872325e+00, -1.154764425687883289e+00, -1.134489171017420528e+00, -1.120697054752401112e+00, -1.140711154890923229e+00, -1.128522696096402989e+00, -1.143886201836361582e+00, -1.108883944349569273e+00, -1.168811517745805162e+00, -1.171049021948368463e+00, -1.115746296477002186e+00, -1.135818265142154448e+00, -1.127190935285303564e+00, -1.141480212683585904e+00, -1.137367907684728063e+00, -1.140814371888457579e+00, -1.148491530942007621e+00, -1.131859474622533224e+00, -1.149810688009373028e+00, -1.135449277657119893e+00, -1.121414575531375579e+00, -1.134143220074971481e+00
-9.670655167634999438e-01, -1.128562327435718604e+00, -1.124824525319427782e+00, -1.188949055568876201e+00, -1.128294821875168719e+00, -1.135334738297360868e+00, -1.069370039037179865e+00, -1.121952604876984338e+00, -1.115774891007004666e+00, -1.142460438309560899e+00, -1.114433802510566007e+00, -1.152558727047920506e+00, -1.120974433936252179e+00, -1.113467127265629575e+00, -1.136004394694104747e+00, -1.125413545977189234e+00, -1.137174190555525488e+00, -1.133467493355182487e+00, -1.125766846792583653e+00, -1.093531543963659924e+00, -1.134188059033165441e+00, -1.139018578992958108e+00, -1.130008212561200320e+00, -1.139992218225970966e+00, -1.115175116546964773e+00, -1.144089945713095524e+00, -1.134123349240785839e+00, -1.151985380975035334e+00, -1.135377705152247785e+00
-1.117348921086846136e+00, -1.126298937897099783e+00, -1.159287233381378623e+00, -1.145330666286916710e+00, -1.171049021948368463e+00, -1.153234771917868606e+00, -1.158263283648006237e+00, -1.131048331899354054e+00, -1.120596880355932079e+00, -1.162099005138114816e+00, -1.120252193199902102e+00, -1.110244612448466395e+00, -1.150176183475454916e+00, -1.141752117044687154e+00, -1.136476603718056921e+00, -1.132600923391087644e+00, -1.148786841812326820e+00, -1.142388915635433655e+00, -1.136502820749682119e+00, -1.125320215430294368e+00, -1.121034287922281436e+00, -1.126468654392642321e+00, -1.134655408221330486e+00, -1.142138486666793185e+00, -1.126631138064089654e+00, -1.120870440905648913e+00, -1.155276168467248343e+00, -1.128796478799301450e+00, -1.143326352696551140e+00
-1.100478290546429427e+00, -1.042207218925172985e+00, -1.135248954707353430e+00, -1.184474047163749155e+00, -1.149568981603759532e+00, -1.179999038758622110e+00, -1.075735490371759084e+00, -1.147724250310317551e+00, -1.151517769188014739e+00, -1.152280255744275728e+00, -1.111272833041391017e+00, -1.141215632580856010e+00, -1.144084031830734816e+00, -1.160277728672411968e+00, -1.136622580936843541e+00, -1.119819785470780538e+00, -1.118991823569295718e+00, -1.116261451679284811e+00, -1.125997308662975538e+00, -1.125236467593206946e+00, -1.144416649673455577e+00, -1.151644637990626219e+00, -1.132393445433514501e+00, -1.142814531536740841e+00, -1.155446342878399424e+00, -1.138810046143615473e+00, -1.155176006992365334e+00, -1.146250180937730789e+00, -1.151816755977574047e+00
-1.068175599302561452e+00, -1.144198971517607077e+00, -1.040639944631389202e+00, -1.119924470267140038e+00, -1.135351895015362711e+00, -1.134068432147472549e+00, -1.123934958795730576e+00, -1.135377630092365031e+00, -1.136508021351938513e+00, -1.138931901739463903e+00, -1.108615411821229912e+00, -1.126298937897099783e+00, -1.150395137001629209e+00, -1.157720581012339434e+00, -1.141395923235645427e+00, -1.153314255450699433e+00, -1.147914549118302485e+00, -1.136994582024218658e+00, -1.125021225121808577e+00, -1.135384172698445937e+00, -1.151493242415436047e+00, -1.117612219680578445e+00, -1.144728061872918090e+00, -1.125799912378900647e+00, -1.123246870423087795e+00, -1.142361406914615518e+00, -1.142636876097198328e+00, -1.123718754071473480e+00, -1.138219671798566868e+00
-1.117348921086846136e+00, -1.144198971517607077e+00, -1.141215632580856010e+00, -1.157623996732987770e+00, -1.084823469929541151e+00, -1.166799376861728632e+00, -1.145477545347643566e+00, -1.159925838628057093e+00, -1.150373080663439573e+00, -1.138595792001433349e+00, -1.152458275882467298e+00, -1.150208541186113376e+00, -1.106660320738993786e+00, -1.143113566246274360e+00, -1.129642858143430129e+00, -1.147313723196615065e+00, -1.140905220566479583e+00, -1.143383361947683863e+00, -1.133561254478980818e+00, -1.132834385646461772e+00, -1.132090751518783911e+00, -1.126246223616393038e+00, -1.140080866212787480e+00, -1.123133149979621770e+00, -1.131880062684134991e+00, -1.134139445362076781e+00, -1.143299840305365134e+00, -1.140942736381245215e+00, -1.130888266792901664e+00
-1.153663689867906239e+00, -1.117348921086846136e+00, -1.129282276833850851e+00, -1.148673979922734123e+00, -1.133729387327487181e+00, -1.153234771917868606e+00, -1.140510307610368645e+00, -1.127715387872258113e+00, -1.141573306065510440e+00, -1.137141898377413529e+00, -1.159014170066292149e+00, -1.163676458196497787e+00, -1.131197362570320220e+00, -1.163451107759585934e+00, -1.130183694039388786e+00, -1.143756275557652025e+00, -1.161572533561041176e+00, -1.137989028336468866e+00, -1.121883173489224284e+00, -1.142975548145619857e+00, -1.135642313849218876e+00, -1.138620483897455848e+00, -1.139280225553632953e+00, -1.137346901724193948e+00, -1.124694227089465315e+00, -1.153188580754018311e+00, -1.143700466166892138e+00, -1.128078795999389872e+00, -1.130439764843142125e+00
-1.171049021948368463e+00, -1.171049021948368463e+00, -1.188949055568876201e+00, -1.139852638497491633e+00, -1.164794364315612896e+00, -1.114622932920117382e+00, -1.135635291824760085e+00, -1.106563782744264923e+00, -1.165082344074865883e+00, -1.140618964793505885e+00, -1.164785769706533358e+00, -1.154769333181247859e+00, -1.153396608432621928e+00, -1.153185752723578705e+00, -1.121212158773746470e+00, -1.137719819091287832e+00, -1.096820153911190587e+00, -1.163722984772657565e+00, -1.126939415695633606e+00, -1.113955602507841203e+00, -1.140645317702914330e+00, -1.098782350155409482e+00, -1.131116815627279948e+00, -1.133934304590727304e+00, -1.145010236182068208e+00, -1.122643584095496472e+00, -1.157527399438389448e+00, -1.141540585610488101e+00, -1.123103847695352542e+00
